{
  "baseline": 64,
  "left_fov_radians_left": -0.8,
  "left_fov_radians_right": 0.8,
  "left_fov_radians_up": 0.8,
  "left_fov_radians_down": -0.8,
  "right_fov_radians_left": -0.8,
  "right_fov_radians_right": 0.8,
  "right_fov_radians_up": 0.8,
  "right_fov_radians_down": -0.8,
  "t265_to_nose_bridge": {
    "translation_meters": {
      "x": 0,
      "y": -0.0683,
      "z": 0.0744
    },
    "rotation_quaternion": {
      "x": 0.102931,
      "y": 0,
      "z": 0,
      "w": 0.994689
    }
  },
  "left_uv_to_rect_x": [
    -0.7801988839098829,
    1.5908068712799723,
    -0.9827824328911254,
    0.5263358892466966,
    0.18664841081239514,
    -0.5246668149574745,
    1.4048420164308815,
    -0.9330577906613924,
    -0.15392100230529293,
    1.106540330862997,
    -2.87151330241086,
    2.0315485110726668,
    -0.06427965195537277,
    -0.3146940276594198,
    1.5763979534056192,
    -1.1327966252705322
  ],
  "left_uv_to_rect_y": [
    -0.4409536269756768,
    0.2888996614465091,
    -0.3848014983107932,
    -0.1223362997546647,
    0.9670157125483582,
    -0.3256816024594271,
    0.533926353628004,
    -0.23310084856690347,
    -0.17082017203715041,
    -0.059688885588560045,
    -0.9941995171671563,
    1.0721046441395208,
    0.2547327106222003,
    -0.25419242442834455,
    1.0488819862049827,
    -0.9515005068294279
  ],
  "right_uv_to_rect_x": [
    -0.6710613688416264,
    1.1362689645641848,
    0.3956957345987107,
    -0.21326295396259742,
    -0.5335462524956397,
    4.546071135245812,
    -10.207643227900032,
    5.846282899290887,
    1.3039161130160792,
    -10.66129593656746,
    22.158725872611857,
    -12.912719005943362,
    -0.9563087974847321,
    6.870750205887958,
    -13.828097816218262,
    8.10122851327323
  ],
  "right_uv_to_rect_y": [
    -0.36496330390320814,
    -0.34773830007498274,
    1.1607448604832324,
    -0.5639076806706572,
    0.5129009330129037,
    4.133391411431411,
    -9.131958871130214,
    5.601050711809029,
    1.1111421772677867,
    -10.247117862137081,
    20.539322154891007,
    -12.003706549179878,
    -0.671733941602777,
    6.353458803843707,
    -12.784556822147636,
    7.548883311524131
  ]
}
