{
  "leftEye": {
    "ellipseMinorAxis": 0.24494899809360505,
    "ellipseMajorAxis": 0.3099985122680664,
    "screenForward": {
      "x": 0.2824554741382599,
      "y": -0.20611988008022309,
      "z": 0.9368743300437927
    },
    "screenPosition": {
      "x": -0.07859157025814057,
      "y": -0.005049339961260557,
      "z": 0.012514465488493443
    },
    "eyePosition": {
      "x": -0.03200000151991844,
      "y": 0.001083331648260355,
      "z": -0.012499995529651642
    },
    "eyeRotation": {
      "x": 7.395533370627759e-32,
      "y": 1.7763568394002506e-15,
      "z": 1.1241009818395605e-14,
      "w": 1.0
    },
    "cameraProjection": {
      "x": -0.699999988079071,
      "y": 0.699999988079071,
      "z": 0.30000001192092898,
      "w": -1.399999976158142
    },
    "sphereToWorldSpace": {
      "e00": 0.05101080238819122,
      "e01": 0.06071346998214722,
      "e02": 0.29330453276634219,
      "e03": -0.11532726138830185,
      "e10": 0.0,
      "e11": 0.23695310950279237,
      "e12": -0.07855913043022156,
      "e13": 0.026422245427966119,
      "e20": -0.23957861959934236,
      "e21": 0.012927045114338398,
      "e22": 0.062450066208839419,
      "e23": -0.05475877597928047,
      "e30": 0.0,
      "e31": 0.0,
      "e32": 0.0,
      "e33": 1.0
    },
    "worldToScreenSpace": {
      "e00": 1.3777992725372315,
      "e01": 14.81815242767334,
      "e02": 2.8447227478027345,
      "e03": 0.14750510454177857,
      "e10": -16.076780319213868,
      "e11": 0.5414643883705139,
      "e12": 4.966066360473633,
      "e13": -1.3229130506515504,
      "e20": 0.2824554145336151,
      "e21": -0.2061198651790619,
      "e22": 0.9368743300437927,
      "e23": 0.009433363564312458,
      "e30": 0.0,
      "e31": 0.0,
      "e32": 0.0,
      "e33": 1.0
    }
  },
  "rightEye": {
    "ellipseMinorAxis": 0.24494899809360505,
    "ellipseMajorAxis": 0.3099985122680664,
    "screenForward": {
      "x": -0.2919599413871765,
      "y": -0.20477625727653504,
      "z": 0.934251606464386
    },
    "screenPosition": {
      "x": 0.07982077449560166,
      "y": -0.005731542594730854,
      "z": 0.01401037909090519
    },
    "eyePosition": {
      "x": 0.03200000151991844,
      "y": 0.001083331648260355,
      "z": -0.012499995529651642
    },
    "eyeRotation": {
      "x": 7.395533370627759e-32,
      "y": 1.7763568394002506e-15,
      "z": 1.1241009818395605e-14,
      "w": 1.0
    },
    "cameraProjection": {
      "x": -0.699999988079071,
      "y": 0.699999988079071,
      "z": 0.30000001192092898,
      "w": -1.399999976158142
    },
    "sphereToWorldSpace": {
      "e00": 0.05101081356406212,
      "e01": -0.060713451355695727,
      "e02": -0.29330453276634219,
      "e03": 0.11689796298742295,
      "e10": 0.0,
      "e11": 0.23695312440395356,
      "e12": -0.07855910062789917,
      "e13": 0.026351751759648324,
      "e20": 0.23957861959934236,
      "e21": 0.0129270413890481,
      "e22": 0.062450066208839419,
      "e23": -0.052946362644433978,
      "e30": 0.0,
      "e31": 0.0,
      "e32": 0.0,
      "e33": 1.0
    },
    "worldToScreenSpace": {
      "e00": -1.4188950061798096,
      "e01": 14.821781158447266,
      "e02": 2.805335283279419,
      "e03": 0.15890516340732575,
      "e10": -16.02415657043457,
      "e11": -0.5628440976142883,
      "e12": -5.131026744842529,
      "e13": 1.3477222919464112,
      "e20": -0.2919600307941437,
      "e21": -0.2047763168811798,
      "e22": 0.9342517256736755,
      "e23": 0.00904157105833292,
      "e30": 0.0,
      "e31": 0.0,
      "e32": 0.0,
      "e33": 1.0
    }
  },
  "leapTracker": {
    "name": "Leap Odometry Origin",
    "serial": "",
    "localPose": {
      "position": {
        "x": 0.0,
        "y": 0.039777886122465137,
        "z": 0.0804821103811264
      },
      "rotation": {
        "x": 0.3123600482940674,
        "y": 0.0,
        "z": 0.0,
        "w": 0.9499638080596924
      }
    }
  }
}