{
  "leftEye": {
    "ellipseMinorAxis": 0.24494899809360505,
    "ellipseMajorAxis": 0.3099985122680664,
    "screenForward": {
      "x": 0.37583938241004946,
      "y": -0.2950916886329651,
      "z": 0.878445029258728
    },
    "screenPosition": {
      "x": -0.07663544267416,
      "y": -0.006479046773165464,
      "z": 0.015394501388072968
    },
    "eyePosition": {
      "x": -0.030106136575341226,
      "y": -0.014616160653531552,
      "z": -0.004279683344066143
    },
    "eyeRotation": {
      "x": 7.395533370627759e-32,
      "y": 1.7763568394002506e-15,
      "z": 1.1241009818395605e-14,
      "w": 1.0
    },
    "cameraProjection": {
      "x": -0.699999988079071,
      "y": 0.699999988079071,
      "z": 0.30000001192092898,
      "w": -1.399999976158142
    },
    "sphereToWorldSpace": {
      "e00": 0.05101080238819122,
      "e01": 0.06071346998214722,
      "e02": 0.29330453276634219,
      "e03": -0.1151043102145195,
      "e10": 0.0,
      "e11": 0.23695310950279237,
      "e12": -0.07855913043022156,
      "e13": 0.026667742058634759,
      "e20": -0.23957861959934236,
      "e21": 0.012927045114338398,
      "e22": 0.062450066208839419,
      "e23": -0.05541845038533211,
      "e30": 0.0,
      "e31": 0.0,
      "e32": 0.0,
      "e33": 1.0
    },
    "worldToScreenSpace": {
      "e00": 2.027873992919922,
      "e01": 14.474093437194825,
      "e02": 3.994591236114502,
      "e03": 0.1876906156539917,
      "e10": -15.437186241149903,
      "e11": 0.3111684322357178,
      "e12": 6.709270000457764,
      "e13": -1.284305453300476,
      "e20": 0.37583935260772707,
      "e21": -0.2950916290283203,
      "e22": 0.8784450888633728,
      "e23": 0.013367477804422379,
      "e30": 0.0,
      "e31": 0.0,
      "e32": 0.0,
      "e33": 1.0
    }
  },
  "rightEye": {
    "ellipseMinorAxis": 0.24494899809360505,
    "ellipseMajorAxis": 0.3099985122680664,
    "screenForward": {
      "x": -0.35585933923721316,
      "y": -0.27381938695907595,
      "z": 0.8935251235961914
    },
    "screenPosition": {
      "x": 0.07577500492334366,
      "y": -0.009351296350359917,
      "z": 0.014919517561793328
    },
    "eyePosition": {
      "x": 0.0300484336912632,
      "y": 0.006817266810685396,
      "z": 0.0022060188930481674
    },
    "eyeRotation": {
      "x": 7.395533370627759e-32,
      "y": 1.7763568394002506e-15,
      "z": 1.1241009818395605e-14,
      "w": 1.0
    },
    "cameraProjection": {
      "x": -0.699999988079071,
      "y": 0.699999988079071,
      "z": 0.30000001192092898,
      "w": -1.399999976158142
    },
    "sphereToWorldSpace": {
      "e00": 0.05101081356406212,
      "e01": -0.060713451355695727,
      "e02": -0.29330453276634219,
      "e03": 0.1155824139714241,
      "e10": 0.0,
      "e11": 0.23695312440395356,
      "e12": -0.07855910062789917,
      "e13": 0.02368796430528164,
      "e20": 0.23957861959934236,
      "e21": 0.0129270413890481,
      "e22": 0.062450066208839419,
      "e23": -0.0545220747590065,
      "e30": 0.0,
      "e31": 0.0,
      "e32": 0.0,
      "e33": 1.0
    },
    "worldToScreenSpace": {
      "e00": -1.7429742813110352,
      "e01": 14.570849418640137,
      "e02": 3.7710490226745607,
      "e03": 0.21206799149513246,
      "e10": -15.61334228515625,
      "e11": -0.23936468362808228,
      "e12": -6.291592597961426,
      "e13": 1.2747303247451783,
      "e20": -0.35585933923721316,
      "e21": -0.27381935715675356,
      "e22": 0.8935251235961914,
      "e23": 0.011073712259531021,
      "e30": 0.0,
      "e31": 0.0,
      "e32": 0.0,
      "e33": 1.0
    }
  },
  "leapTracker": {
    "name": "Leap Odometry Origin",
    "serial": "",
    "localPose": {
      "position": {
        "x": 0.0,
        "y": 0.02151,
        "z": 0.06684
      },
      "rotation": {
        "x": 0.3255681,
        "y": 0,
        "z": 0,
        "w": 0.9455186
      }
    }
  }
}