{"baseline": 64.0, 
    "left_uv_to_rect_x": [-0.6496146862315304, 1.522223227078294, -0.4813404618897057, 0.35702657717980785, -0.07956037872995925, 1.1454020997970913, -3.2505199559593336, 1.6279076622052455, 0.38831554051443307, -3.5783949261594095, 7.668716710704405, -4.166750433790205, -0.2855168004377634, 2.304654520623994, -4.773857525576798, 2.6771905826607756], 
    "left_uv_to_rect_y": [0.5735680823264238, -0.07201032485360503, -0.3760147865913098, 0.12237851205003134, -1.1789607449622186, -0.3639051399896993, 1.9433544351592553, -1.428768695251512, 0.43448180786102064, 1.4198893425729027, -4.061494083054925, 2.5833812097228908, -0.20318807476847794, -0.8824999019236596, 2.2256952824902, -1.3778198332457088], 
    "right_uv_to_rect_x": [-0.6265143917747795, 1.2911622275040877, -0.5517955125123675, 0.34277683878971815, -0.008660007647723567, 0.5057868616188462, -0.7608772693869136, 0.441561492954449, 0.01102824175518119, -0.32306477445426557, 0.7580684800480195, -0.4808991141180218, -0.0517219007106306, 0.2799238117904546, -0.4494394376437649, 0.3706889336770174], 
    "right_uv_to_rect_y": [0.5259106471825626, -0.1663727700922601, 0.28233333974385694, 0.1745576324081204, -1.0358003574621981, 0.13565673296823005, 0.03669780270514961, -0.28419296928833887, 0.4258466087687195, -0.03876248767088333, -0.37766287840406676, 0.43848943099165466, -0.34808893357030296, 0.22156250909608152, 0.13817451999521518, -0.2468046426038312],

    "leftEyeAngleLeft": -0.6,
    "leftEyeAngleRight": 0.6,
    "leftEyeAngleUp": 0.6,
    "leftEyeAngleDown": -0.6,

    "rightEyeAngleLeft": -0.6,
    "rightEyeAngleRight": 0.6,
    "rightEyeAngleUp": 0.6,
    "rightEyeAngleDown": -0.6

}